Title,Authors
Early Increase in Extrasynaptic NMDA Receptor Signaling and Expression Contributes to Phenotype Onset in Huntington's Disease Mice;;article,"['Tim H. Murphy', 'Lynn Raymond']"
A Small-Molecule-Inducible Nrf2-Mediated Antioxidant Response Provides Effective Prophylaxis against Cerebral Ischemia<i>In Vivo</i>;;article,"['Tim H. Murphy', 'Andy Shih']"
Spontaneous cortical activity alternates between motifs defined by regional axonal projections;;article,"['Tim H. Murphy', 'Yu Tian Wang', 'Jeffrey LeDue']"
Extensive Turnover of Dendritic Spines and Vascular Remodeling in Cortical Tissues Recovering from Stroke;;article,"['Tim H. Murphy', 'Craig E. Brown']"
<i>In Vivo</i>Voltage-Sensitive Dye Imaging in Adult Mice Reveals That Somatosensory Maps Lost to Stroke Are Replaced over Weeks by New Structural and Functional Circuits with Prolonged Modes of Activation within Both the Peri-Infarct Zone and Distant Sites;;article,"['Tim H. Murphy', 'Craig E. Brown']"
Cystine/Glutamate Exchange Modulates Glutathione Supply for Neuroprotection from Oxidative Stress and Cell Proliferation;;article,"['Tim H. Murphy', 'Andy Shih']"
NF-E2-related Factor-2 Mediates Neuroprotection against Mitochondrial Complex I Inhibitors and Increased Concentrations of Intracellular Calcium in Primary Cortical Neurons;;article,"['Tim H. Murphy', 'Andy Shih']"
Induction of the Nrf2-driven Antioxidant Response Confers Neuroprotection during Mitochondrial Stress in Vivo;;article,"['Tim H. Murphy', 'Andy Shih']"
Postsynaptic TrkC and Presynaptic PTPσ Function as a Bidirectional Excitatory Synaptic Organizing Complex;;article,"['Tim H. Murphy', 'Yu Tian Wang']"
Rapid Morphologic Plasticity of Peri-Infarct Dendritic Spines After Focal Ischemic Stroke;;article,"['Tim H. Murphy', 'Craig E. Brown']"
Differential regulation of synaptic and extra-synaptic NMDA receptors;;article,"['Tim H. Murphy', 'Lynn Raymond']"
Competition between Phasic and Asynchronous Release for Recovered Synaptic Vesicles at Developing Hippocampal Autaptic Synapses;;article,"['Tim H. Murphy', 'Lynn Raymond']"
In vivo Large-Scale Cortical Mapping Using Channelrhodopsin-2 Stimulation in Transgenic Mice Reveals Asymmetric and Reciprocal Relationships between Cortical Areas;;article,"['Tim H. Murphy', 'Jeffrey LeDue']"
Mapping cortical mesoscopic networks of single spiking cortical or sub-cortical neurons;;article,"['Tim H. Murphy', 'Jeffrey LeDue']"
Longitudinal <i>in vivo</i> Imaging Reveals Balanced and Branch-Specific Remodeling of Mature Cortical Pyramidal Dendritic Arbors after Stroke;;article,"['Tim H. Murphy', 'Craig E. Brown']"
Optogenetic Stimulation of GABA Neurons can Decrease Local Neuronal Activity While Increasing Cortical Blood Flow;;article,"['Tim H. Murphy', 'Jeffrey LeDue']"
Mapping synaptic glutamate transporter dysfunction in vivo to regions surrounding Aβ plaques by iGluSnFR two-photon imaging;;article,"['Tim H. Murphy', 'Brian MacVicar', 'Jeffrey LeDue']"
Optogenetic Mapping after Stroke Reveals Network-Wide Scaling of Functional Connections and Heterogeneous Recovery of the Peri-Infarct;;article,"['Tim H. Murphy', 'Jeffrey LeDue']"
Real-time imaging of glutamate clearance reveals normal striatal uptake in Huntington disease mouse models;;article,"['Tim H. Murphy', 'Lynn Raymond']"
Re-Establishment of Cortical Motor Output Maps and Spontaneous Functional Recovery via Spared Dorsolaterally Projecting Corticospinal Neurons after Dorsal Column Spinal Cord Injury in Adult Mice;;article,"['Tim H. Murphy', 'Wolfram Tetzlaff']"
Mesoscale infraslow spontaneous membrane potential fluctuations recapitulate high-frequency activity cortical motifs;;article,"['Tim H. Murphy', 'Yu Tian Wang', 'Jeffrey LeDue']"
A three-dimensional virtual mouse generates synthetic training data for behavioral analysis;;article,"['Tim H. Murphy', 'Helge Rhodin']"
Enhanced Striatal NR2B-Containing <i>N</i>-Methyl-<scp>d</scp>-Aspartate Receptor-Mediated Synaptic Currents in a Mouse Model of Huntington Disease;;article,"['Tim H. Murphy', 'Lynn Raymond']"
Role of NR2B-type NMDA receptors in selective neurodegeneration in Huntington disease;;article,"['Tim H. Murphy', 'Lynn Raymond']"
Cortical functional hyperconnectivity in a mouse model of depression and selective network effects of ketamine;;article,"['Tim H. Murphy', 'Jeffrey LeDue']"
Gamma frequency activation of inhibitory neurons in the acute phase after stroke attenuates vascular and behavioral dysfunction;;article,"['Tim H. Murphy', 'Brian MacVicar', 'Jeffrey LeDue']"
A Calcium-Dependent Feedback Mechanism Participates in Shaping Single NMDA Miniature EPSCs;;article,"['Tim H. Murphy', 'Lynn Raymond']"
Two-photon Imaging of Glutathione Levels in Intact Brain Indicates Enhanced Redox Buffering in Developing Neurons and Cells at the Cerebrospinal Fluid and Blood-Brain Interface;;article,"['Tim H. Murphy', 'Andy Shih']"
Optogenetic approaches for functional mouse brain mapping;;article,"['Tim H. Murphy', 'Jeffrey LeDue']"
Livin' on the Edge: Imaging Dendritic Spine Turnover in the Peri-Infarct Zone during Ischemic Stroke and Recovery;;article,"['Tim H. Murphy', 'Craig E. Brown']"
Targeted ischemic stroke induction and mesoscopic imaging assessment of blood flow and ischemic depolarization in awake mice;;article,"['Tim H. Murphy', 'Jeffrey LeDue']"
Dopamine activates Nrf2‐regulated neuroprotective pathways in astrocytes and meningeal cells;;article,"['Tim H. Murphy', 'Andy Shih']"
Ministrokes in Channelrhodopsin-2 Transgenic Mice Reveal Widespread Deficits in Motor Output Despite Maintenance of Cortical Neuronal Excitability;;article,"['Tim H. Murphy', 'Wolfram Tetzlaff']"
An Automated Home-Cage System to Assess Learning and Performance of a Skilled Motor Task in a Mouse Model of Huntington’s Disease;;article,"['Tim H. Murphy', 'Lynn Raymond']"
xCT Cystine Transporter Expression in HEK293 Cells: Pharmacology and Localization;;article,"['Tim H. Murphy', 'Andy Shih']"
Longitudinal monitoring of mesoscopic cortical activity in a mouse model of microinfarcts reveals dissociations with behavioral and motor function;;article,"['Tim H. Murphy', 'Jeffrey LeDue']"
"Mesoscale brain explorer, a flexible python-based image analysis and visualization tool;;article","['Tim H. Murphy', 'Jeffrey LeDue']"
"Network analysis of mesoscale optical recordings to assess regional, functional connectivity;;article","['Tim H. Murphy', 'Jeffrey LeDue']"
Changes in Agonist Concentration Dependence That Are a Function of Duration of Exposure Suggest<i>N</i>-Methyl-d-aspartate Receptor Nonsaturation during Synaptic Stimulation;;article,"['Tim H. Murphy', 'Lynn Raymond']"
Site within<i>N</i>-Methyl-d-aspartate Receptor Pore Modulates Channel Gating;;article,"['Tim H. Murphy', 'Lynn Raymond']"
Differential regulation of cell proliferation in neurogenic zones in mice lacking cystine transport by xCT;;article,"['Tim H. Murphy', 'Craig E. Brown']"
Nrf2 gene deletion fails to alter psychostimulant-induced behavior or neurotoxicity;;article,"['Tim H. Murphy', 'Andy Shih']"
PiDose: an open-source system for accurate and automated oral drug administration to group-housed mice;;article,"['Tim H. Murphy', 'Lynn Raymond']"
Stress impacts sensory variability through cortical sensory activity motifs;;article,"['Tim H. Murphy', 'Jeffrey LeDue']"
Meso-py: Dual brain cortical calcium imaging in mice during head-fixed social stimulus presentation;;article,"['Tim H. Murphy', 'Jeffrey LeDue']"
Competitive Inhibition of NMDA Receptor–Mediated Currents by Extracellular Calcium Chelators;;article,"['Tim H. Murphy', 'Lynn Raymond']"
Peripheral Nerve Ligation Elicits Widespread Alterations in Cortical Sensory Evoked and Spontaneous Activity;;article,"['Tim H. Murphy', 'Jeffrey LeDue']"
Altered cortical processing of sensory input in Huntington disease mouse models;;article,"['Tim H. Murphy', 'Lynn Raymond']"
Scholar Metrics Scraper (Sms): Automated Retrieval of Citation and Author Data;;article,"['Tim H. Murphy', 'Jeffrey LeDue']"
Longitudinal assessment of water-reaching reveals altered cortical activity and fine motor coordination defects in a Huntington Disease model;;article,"['Tim H. Murphy', 'Lynn Raymond']"
Conclusion;;book-chapter,"['Tim H. Murphy', 'Ian Mackenzie']"
Scholar Metrics Scraper (SMS): automated retrieval of citation and author data;;article,"['Tim H. Murphy', 'Jeffrey LeDue']"
Development of a high-throughput pipeline to characterize microglia morphological states at a single-cell resolution;;article,"['Annie Ciernia', 'Paul Pavlidis']"
Modelling Microglial Innate Immune Memory In Vitro: Understanding the Role of Aerobic Glycolysis in Innate Immune Memory;;article,"['Annie Ciernia', 'Brian MacVicar']"
Activation of Neuronal NMDA Receptors Triggers Transient ATP-Mediated Microglial Process Outgrowth;;article,"['Brian MacVicar', 'Jeffrey LeDue']"
Ca<sup>2+</sup>transients in astrocyte fine processes occur via Ca<sup>2+</sup>influx in the adult mouse hippocampus;;article,"['Brian MacVicar', 'Jeffrey LeDue']"
"Prevention of LPS-Induced Microglia Activation, Cytokine Production and Sickness Behavior with TLR4 Receptor Interfering Peptides;;article","['Brian MacVicar', 'Anthony Phillips']"
Cognitive flexibility and long-term depression (LTD) are impaired following β-catenin stabilization in vivo;;article,"['Brian MacVicar', 'Shernaz Bamji', 'Yu Tian Wang']"
3DMorph Automatic Analysis of Microglial Morphology in Three Dimensions from<i>Ex Vivo</i>and<i>In Vivo</i>Imaging;;article,"['Brian MacVicar', 'Jeffrey LeDue']"
A Critical Role for Astrocytes in Hypercapnic Vasodilation in Brain;;article,"['Brian MacVicar', 'Jeffrey LeDue']"
In vivo imaging reveals that pregabalin inhibits cortical spreading depression and propagation to subcortical brain structures;;article,"['Brian MacVicar', 'Jeffrey LeDue']"
The Oral and Fecal Microbiota in a Canadian Cohort of Alzheimer’s Disease;;article,"['Brian MacVicar', 'Silke Cresswell']"
"Ca<sub>V</sub>3.2 drives sustained burst‐firing, which is critical for absence seizure propagation in reticular thalamic neurons;;article","['Brian MacVicar', 'Jeffrey LeDue']"
Progranulin promotes activation of microglia/macrophage after pilocarpine-induced status epilepticus;;article,"['Brian MacVicar', 'Yu Tian Wang']"
Green fluorescent protein emission obscures metabolic fluorescent lifetime imaging of NAD(P)H;;article,"['Brian MacVicar', 'Jeffrey LeDue']"
PANX1 in inflammation heats up: New mechanistic insights with implications for injury and infection;;article,"['Brian MacVicar', 'Leigh Anne Swayne']"
Sex effects on cortical morphological networks in healthy young adults;;article,"['Fidel Vila-Rodriguez', 'Sophia Frangou']"
Individualized functional targeting for <scp>rTMS</scp>: A powerful idea whose time has come?;;article,"['Fidel Vila-Rodriguez', 'Sophia Frangou']"
"Electroconvulsive Shock, but Not Transcranial Magnetic Stimulation, Transiently Elevates Cell Proliferation in the Adult Mouse Hippocampus;;article","['Fidel Vila-Rodriguez', 'Jason Snyder']"
"Psychiatric, Motor, and Autonomic Effects of Bifrontal ECT in Depressed Parkinson’s Disease Patients;;article","['Fidel Vila-Rodriguez', 'Silke Cresswell']"
"Author response for ""Intermittent theta burst transcranial magnetic stimulation induces hippocampal mossy fiber plasticity in male but not female mice"";;peer-review","['Fidel Vila-Rodriguez', 'Jason Snyder']"
CellPalmSeq: A curated RNAseq database of palmitoylating and de-palmitoylating enzyme expression in human cell types and laboratory cell lines;;article,"['Shernaz Bamji', 'Kurt Haas']"
Progranulin Deficiency Decreases Gross Neural Connectivity But Enhances Transmission at Individual Synapses;;article,"['Shernaz Bamji', 'Ian Mackenzie', 'Lynn Raymond']"
Multi-model functionalization of disease-associated PTEN missense mutations identifies multiple molecular mechanisms underlying protein dysfunction;;article,"['Shernaz Bamji', 'Paul Pavlidis', 'Kurt Haas', 'Catharine Rankin']"
Exploring the expression patterns of palmitoylating and de-palmitoylating enzymes in the mouse brain using the curated RNA-seq database BrainPalmSeq;;article,"['Shernaz Bamji', 'Kurt Haas']"
Cadherins mediate cocaine-induced synaptic plasticity and behavioral conditioning;;article,"['Shernaz Bamji', 'Anthony Phillips']"
Regulation of hippocampal excitatory synapses by the Zdhhc5 palmitoyl acyltransferase;;article,"['Shernaz Bamji', 'Lynn Raymond']"
Distinct but overlapping roles of LRRTM1 and LRRTM2 in developing and mature hippocampal circuits;;article,"['Shernaz Bamji', 'Yu Tian Wang']"
BrainPalmSeq: A curated RNA-seq database of palmitoylating and de-palmitoylating enzyme expression in the mouse brain;;article,"['Shernaz Bamji', 'Kurt Haas']"
Regulation of Hippocampal Excitatory Synapses by the Zdhhc5 Palmitoyl Acyl Transferase;;article,"['Shernaz Bamji', 'Lynn Raymond']"
Author response: Distinct but overlapping roles of LRRTM1 and LRRTM2 in developing and mature hippocampal circuits;;peer-review,"['Shernaz Bamji', 'Yu Tian Wang']"
Author response: Exploring the expression patterns of palmitoylating and de-palmitoylating enzymes in the mouse brain using the curated RNA-seq database BrainPalmSeq;;peer-review,"['Shernaz Bamji', 'Kurt Haas']"
"SUN-240 Female Mice Lacking Brain Insulin Production Exhibit Learning Deficits, Anxiety, and Reduced Hippocampal Cyclin D1 Expression;;article","['Shernaz Bamji', 'Paul Pavlidis']"
Exercise increases caudate dopamine release and ventral striatal activation in Parkinson's disease;;article,"['Lara Boyd', 'Martin McKeown', 'A Jon Stoessl', 'Silke Cresswell', 'Vesna Sossi']"
Compensatory motor network connectivity is associated with motor sequence learning after subcortical stroke;;article,"['Lara Boyd', 'Todd Woodward']"
White Matter Biomarkers Associated with Motor Change in Individuals with Stroke: A Continuous Theta Burst Stimulation Study;;article,"['Lara Boyd', 'Todd Woodward']"
None;;article,"['Paul Pavlidis', 'Martin McKeown', 'Ian Mackenzie', 'Todd Woodward']"
Systematic phenomics analysis of autism-associated genes reveals parallel networks underlying reversible impairments in habituation;;article,"['Paul Pavlidis', 'Kurt Haas', 'Catharine Rankin']"
The Canadian Rare Diseases Models and Mechanisms (RDMM) Network: Connecting Understudied Genes to Model Organisms;;article,"['Paul Pavlidis', 'Catharine Rankin']"
"Multi-parametric analysis of 57 SYNGAP1 variants reveal impacts on GTPase signaling, localization, and protein stability;;article","['Paul Pavlidis', 'Kurt Haas']"
Systematic phenomics analysis of ASD-associated genes reveals shared functions and parallel networks underlying reversible impairments in habituation learning;;article,"['Paul Pavlidis', 'Kurt Haas', 'Catharine Rankin']"
"Multi-parametric analysis of 58 SYNGAP1 variants reveal impacts on GTPase signaling, localization and protein stability;;article","['Paul Pavlidis', 'Kurt Haas']"
3D CNN Based Automatic Diagnosis of Attention Deficit Hyperactivity Disorder Using Functional and Structural MRI;;article,"['Martin McKeown', 'Z. Jane Wang']"
The Use of Multivariate EMD and CCA for Denoising Muscle Artifacts From Few-Channel EEG Recordings;;article,"['Martin McKeown', 'Z. Jane Wang']"
Removal of Muscle Artifacts From the EEG: A Review and Recommendations;;article,"['Martin McKeown', 'Z. Jane Wang']"
A convolutional-recurrent neural network approach to resting-state EEG classification in Parkinson’s disease;;article,"['Martin McKeown', 'Z. Jane Wang']"
The effect of LRRK2 mutations on the cholinergic system in manifest and premanifest stages of Parkinson's disease: a cross-sectional PET study;;article,"['Martin McKeown', 'Vesna Sossi']"
Dynamic Graph Theoretical Analysis of Functional Connectivity in Parkinson's Disease: The Importance of Fiedler Value;;article,"['Martin McKeown', 'Z. Jane Wang']"
Habitual exercisers versus sedentary subjects with Parkinson's Disease: Multimodal PET and fMRI study;;article,"['Martin McKeown', 'A Jon Stoessl', 'Silke Cresswell', 'Vesna Sossi']"
ReMAE: User-Friendly Toolbox for Removing Muscle Artifacts From EEG;;article,"['Martin McKeown', 'Z. Jane Wang']"
Small P values may not yield robust findings: an example using REST-meta-PD;;article,"['Martin McKeown', 'Z. Jane Wang']"
Removal of High-Voltage Brain Stimulation Artifacts From Simultaneous EEG Recordings;;article,"['Martin McKeown', 'Z. Jane Wang']"
Investigation of serotonergic Parkinson's disease-related covariance pattern using [11C]-DASB/PET;;article,"['Martin McKeown', 'Vesna Sossi']"
Decreased subregional specificity of the putamen in Parkinson's Disease revealed by dynamic connectivity-derived parcellation;;article,"['Martin McKeown', 'Z. Jane Wang']"
Joint pattern analysis applied to PET DAT and VMAT2 imaging reveals new insights into Parkinson's disease induced presynaptic alterations;;article,"['Martin McKeown', 'Vesna Sossi']"
Atlas-guided parcellation: Individualized functionally-homogenous parcellation in cerebral cortex;;article,"['Martin McKeown', 'Z. Jane Wang']"
Serotonergic System Impacts Levodopa Response in Early Parkinson's and Future Risk of Dyskinesia;;article,"['Martin McKeown', 'A Jon Stoessl', 'Vesna Sossi']"
Altered EEG alpha and theta oscillations characterize apathy in Parkinson's disease during incentivized movement;;article,"['Martin McKeown', 'Silke Cresswell']"
Sparse multivariate autoregressive (mAR)-based partial directed coherence (PDC) for electroencephalogram (EEG) analysis;;article,"['Martin McKeown', 'Z. Jane Wang']"
Novel Regional Activity Representation With Constrained Canonical Correlation Analysis for Brain Connectivity Network Estimation;;article,"['Martin McKeown', 'Z. Jane Wang']"
Structural Network Analysis Using Diffusion MRI Tractography in Parkinson's Disease and Correlations With Motor Impairment;;article,"['Martin McKeown', 'Silke Cresswell']"
Small effect size leads to reproducibility failure in resting-state fMRI studies;;article,"['Martin McKeown', 'Z. Jane Wang']"
"Novel data-driven, equation-free method captures spatio-temporal patterns of neurodegeneration in Parkinson's disease: Application of dynamic mode decomposition to PET;;article","['Martin McKeown', 'A Jon Stoessl', 'Vesna Sossi']"
Learning brain connectivity with the false-discovery-rate-controlled PC-algorithm;;article,"['Martin McKeown', 'Z. Jane Wang']"
Galvanic Vestibular Stimulation: Data Analysis and Applications in Neurorehabilitation;;article,"['Martin McKeown', 'Z. Jane Wang']"
Parcellation of functional sub-regions from fMRI: A graph clustering based approach;;article,"['Martin McKeown', 'Z. Jane Wang']"
Parkinson’s Disease Detection from fMRI-Derived Brainstem Regional Functional Connectivity Networks;;book-chapter,"['Martin McKeown', 'Z. Jane Wang']"
Dopamine replacement remediates risk aversion in Parkinson's disease in a value-independent manner;;article,"['Martin McKeown', 'Silke Cresswell']"
Spatiotemporal patterns of putaminal dopamine processing in Parkinson’s disease: A multi-tracer positron emission tomography study;;article,"['Martin McKeown', 'Vesna Sossi']"
SU-E-I-178: Spatial Analysis of PET Images Using 3D Moment Invariants (3DMI);;article,"['Martin McKeown', 'Vesna Sossi']"
Connectivity-based parcellation of functional sub-regions from brain fMRI signals;;article,"['Martin McKeown', 'Z. Jane Wang']"
Assessing functional connectivity of brainstem nuclei in fMRI data;;article,"['Martin McKeown', 'Z. Jane Wang']"
Dopamine deficiency is associated with risk aversion but not loss aversion in Parkinson’s disease;;article,"['Martin McKeown', 'Silke Cresswell']"
A Multivariate Approach for Denoising of T2 Relaxation Decay Curves in Myelin Water Fraction Imaging;;article,"['Martin McKeown', 'Z. Jane Wang']"
Dopamine replacement remediates risk aversion in Parkinson’s disease in a value-independent manner;;article,"['Martin McKeown', 'Silke Cresswell']"
"Study of stroke condition and hand dominance using a hidden Markov, multivariate autoregressive (HMM-mAR) network framework;;article","['Martin McKeown', 'Z. Jane Wang']"
A double‐blind controlled trial of bilateral fetal nigral transplantation in Parkinson's disease;;article,"['A Jon Stoessl', 'Vesna Sossi']"
Expectation and Dopamine Release: Mechanism of the Placebo Effect in Parkinson's Disease;;article,"['A Jon Stoessl', 'Vesna Sossi']"
"Alpha‐synuclein p.H50Q, a novel pathogenic mutation for Parkinson's disease;;article","['A Jon Stoessl', 'Silke Cresswell']"
DNAJC13 mutations in Parkinson disease;;article,"['A Jon Stoessl', 'Silke Cresswell']"
Effects of Expectation on Placebo-Induced Dopamine Release in Parkinson Disease;;article,"['A Jon Stoessl', 'Anthony Phillips', 'Vesna Sossi']"
Age‐specific progression of nigrostriatal dysfunction in Parkinson's disease;;article,"['A Jon Stoessl', 'Vesna Sossi']"
Randomized trial of intermittent intraputamenal glial cell line-derived neurotrophic factor in Parkinson’s disease;;article,"['A Jon Stoessl', 'Vesna Sossi']"
Dopamine release in human ventral striatum and expectation of reward;;article,"['A Jon Stoessl', 'Anthony Phillips', 'Vesna Sossi']"
PET in LRRK2 mutations: comparison to sporadic Parkinson's disease and evidence for presymptomatic compensation;;article,"['A Jon Stoessl', 'Vesna Sossi']"
Bilateral human fetal striatal transplantation in Huntington's disease;;article,"['A Jon Stoessl', 'Vesna Sossi']"
Longitudinal progression of sporadic Parkinson's disease: a multi-tracer positron emission tomography study;;article,"['A Jon Stoessl', 'Vesna Sossi']"
Biochemical variations in the synaptic level of dopamine precede motor fluctuations in Parkinson's disease: PET evidence of increased dopamine turnover;;article,"['A Jon Stoessl', 'Vesna Sossi']"
Longitudinal evolution of compensatory changes in striatal dopamine processing in Parkinson's disease;;article,"['A Jon Stoessl', 'Vesna Sossi']"
Dopamine transporter relation to dopamine turnover in Parkinson's disease: a positron emission tomography study;;article,"['A Jon Stoessl', 'Vesna Sossi']"
Dopamine turnover increases in asymptomatic <i>LRRK2</i> mutations carriers;;article,"['A Jon Stoessl', 'Vesna Sossi']"
Serotonin and dopamine transporter PET changes in the premotor phase of LRRK2 parkinsonism: cross-sectional studies;;article,"['A Jon Stoessl', 'Vesna Sossi']"
Extended Treatment with Glial Cell Line-Derived Neurotrophic Factor in Parkinson’s Disease;;article,"['A Jon Stoessl', 'Vesna Sossi']"
Homozygous alpha-synuclein p.A53V in familial Parkinson's disease;;article,"['A Jon Stoessl', 'Vesna Sossi']"
Robust graft survival and normalized dopaminergic innervation do not obligate recovery in a <scp>P</scp>arkinson disease patient;;article,"['A Jon Stoessl', 'Vesna Sossi']"
PET Study of [<sup>18</sup>F]6-Fluoro-<scp>l</scp>-Dopa Uptake in Neuroleptic- and Mood-Stabilizer-Naive First-Episode Nonpsychotic Mania: Effects of Treatment With Divalproex Sodium;;article,"['A Jon Stoessl', 'Vesna Sossi']"
Progression of dopaminergic dysfunction in a LRRK2 kindred: A multitracer PET study;;article,"['A Jon Stoessl', 'Vesna Sossi']"
PET demonstrates reduced dopamine transporter expression in PD with dyskinesias;;article,"['A Jon Stoessl', 'Vesna Sossi']"
Advances in imaging in Parkinson's disease;;article,"['A Jon Stoessl', 'Vesna Sossi']"
Effect of electroconvulsive therapy on brain 5-HT<sub>2</sub> receptors in major depression;;article,"['A Jon Stoessl', 'Vesna Sossi']"
Phosphorylated α-synuclein in Parkinson’s disease: correlation depends on disease severity;;article,"['A Jon Stoessl', 'Vesna Sossi']"
PBB3 imaging in Parkinsonian disorders: Evidence for binding to tau and other proteins;;article,"['A Jon Stoessl', 'Vesna Sossi']"
Anterior brain glucose hypometabolism predates dementia in progranulin mutation carriers;;article,"['A Jon Stoessl', 'Ian Mackenzie', 'Vesna Sossi']"
<i>DNAJC12</i> and dopa-responsive nonprogressive parkinsonism;;article,"['A Jon Stoessl', 'Vesna Sossi']"
Age-related differences in levodopa dynamics in Parkinson's: implications for motor complications;;article,"['A Jon Stoessl', 'Vesna Sossi']"
<i>DNAJC13</i> genetic variants in parkinsonism;;article,"['A Jon Stoessl', 'Silke Cresswell']"
PET Study of the Effects of Valproate on Dopamine D<sub>2</sub>Receptors in Neuroleptic- and Mood-Stabilizer-Naive Patients With Nonpsychotic Mania;;article,"['A Jon Stoessl', 'Vesna Sossi']"
Dopamine transporter relation to levodopa‐derived synaptic dopamine in a rat model of Parkinson’s: an <i>in vivo</i> imaging study;;article,"['A Jon Stoessl', 'Vesna Sossi']"
Visualizing vesicular dopamine dynamics in Parkinson's disease;;article,"['A Jon Stoessl', 'Vesna Sossi']"
Dopamine transporter PET in normal aging: Dopamine transporter decline and its possible role in preservation of motor function;;article,"['A Jon Stoessl', 'Vesna Sossi']"
Behavioral Deficits and Striatal DA Signaling in LRRK2 p.G2019S Transgenic Rats: A Multimodal Investigation Including PET Neuroimaging;;article,"['A Jon Stoessl', 'Vesna Sossi']"
Gender differences in Parkinson's disease depression;;article,"['A Jon Stoessl', 'Silke Cresswell']"
Win-Concurrent Sensory Cues Can Promote Riskier Choice;;article,"['A Jon Stoessl', 'Catharine Winstanley']"
Positron emission tomography after fetal transplantation in Huntington's disease;;article,"['A Jon Stoessl', 'Vesna Sossi']"
Genetic heterogeneity in paroxysmal nonkinesigenic dyskinesia;;article,"['A Jon Stoessl', 'Terry Snutch']"
Cerebrospinal fluid amyloid and tau in LRRK2 mutation carriers;;article,"['A Jon Stoessl', 'Vesna Sossi']"
"<i>In-vivo</i> Measurement of LDOPA Uptake, Dopamine Reserve and Turnover in the Rat Brain Using [<sup>18</sup>F]FDOPA PET;;article","['A Jon Stoessl', 'Vesna Sossi']"
DJ-1 and αSYN in LRRK2 CSF do not correlate with striatal dopaminergic function;;article,"['A Jon Stoessl', 'Vesna Sossi']"
"The Nature of Progression in Parkinson’s Disease: An Application of Non-Linear, Multivariate, Longitudinal Random Effects Modelling;;article","['A Jon Stoessl', 'Vesna Sossi']"
DCTN1 p.K56R in progressive supranuclear palsy;;article,"['A Jon Stoessl', 'Silke Cresswell']"
Lack of Regional Selectivity During the Progression of Parkinson Disease;;article,"['A Jon Stoessl', 'Vesna Sossi']"
Autosomal dominant dystonia-plus with cerebral calcifications;;article,"['A Jon Stoessl', 'Ian Mackenzie']"
"Clinical, positron emission tomography, and pathological studies of DNAJC13 p.N855S Parkinsonism;;article","['A Jon Stoessl', 'Silke Cresswell', 'Vesna Sossi']"
Age and severity of nigrostriatal damage at onset of Parkinson's disease;;article,"['A Jon Stoessl', 'Vesna Sossi']"
Measuring dopaminergic function in the 6-OHDA-lesioned rat: a comparison of PET and microdialysis;;article,"['A Jon Stoessl', 'Vesna Sossi']"
Novel spatial analysis method for PET images using 3D moment invariants: Applications to Parkinson's disease;;article,"['A Jon Stoessl', 'Silke Cresswell', 'Vesna Sossi']"
In vivo dopaminergic and serotonergic dysfunction in <i>DCTN1</i> gene mutation carriers;;article,"['A Jon Stoessl', 'Silke Cresswell', 'Vesna Sossi']"
A scan without evidence is not evidence of absence: Scans without evidence of dopaminergic deficit in a symptomatic leucine-rich repeat kinase 2 mutation carrier;;article,"['A Jon Stoessl', 'Vesna Sossi']"
Positron emission tomography in pallido-ponto-nigral degeneration (PPND) family (frontotemporal dementia with parkinsonism linked to chromosome 17 and point mutation in tau gene);;article,"['A Jon Stoessl', 'Vesna Sossi']"
Imaging striatal dopaminergic function in<i>Phospholipase A2 Group VI</i>-related parkinsonism;;article,"['A Jon Stoessl', 'Vesna Sossi']"
Decisions under risk in Parkinson’s disease: Preserved evaluation of probability and magnitude;;article,"['A Jon Stoessl', 'Silke Cresswell']"
Oral methylphenidate fails to elicit significant changes in extracellular putaminal dopamine levels in Parkinson's disease patients: Positron emission tomographic studies;;article,"['A Jon Stoessl', 'Vesna Sossi']"
PBB3 binding in a patient with corticobasal syndrome;;article,"['A Jon Stoessl', 'Vesna Sossi']"
Novel voxelwise residual analysis of [<sup>11</sup>C]raclopride PET data improves detection of low-amplitude dopamine release;;article,"['A Jon Stoessl', 'Vesna Sossi']"
"A familial form of parkinsonism, dementia, and motor neuron disease: A longitudinal study;;article","['A Jon Stoessl', 'Vesna Sossi']"
Liquid Xenon Detectors for Positron Emission Tomography;;article,"['A Jon Stoessl', 'Vesna Sossi']"
Ethical Issues In The Management Of Parkinson’S Disease;;book,"['A Jon Stoessl', 'Silke Cresswell']"
Impact of the Spatial Normalization Template and Realignment Procedure on the SPM Analysis of [11C]Raclopride PET Studies;;article,"['A Jon Stoessl', 'Vesna Sossi']"
Insights into LRRK2-Mutation Related PD from PET Imaging Studies;;book-chapter,"['A Jon Stoessl', 'Vesna Sossi']"
Measurements of Dopaminergic Function in the Rat Brain Using [18F]FDOPA PET and Microdialysis;;book-chapter,"['A Jon Stoessl', 'Vesna Sossi']"
Reply to letter to the editor: Is there anything more to learn from SWEDD?;;article,"['A Jon Stoessl', 'Vesna Sossi']"
Imaging of the Parkinsonian Brain in Relation to Restorative Therapy;;book-chapter,"['A Jon Stoessl', 'Vesna Sossi']"
A Novel Porcine Model of Traumatic Thoracic Spinal Cord Injury;;article,"['Peter Cripton', 'Wolfram Tetzlaff']"
Relating Histopathology and Mechanical Strain in Experimental Contusion Spinal Cord Injury in a Rat Model;;article,"['Peter Cripton', 'Wolfram Tetzlaff']"
Quantifying the internal deformation of the rodent spinal cord during acute spinal cord injury – the validation of a method;;article,"['Peter Cripton', 'Wolfram Tetzlaff']"
LEVERAGING THE POWER OF 3D BRAIN-WIDE IMAGING AND MAPPING TOOLS FOR BRAIN INJURY RESEARCH IN MURINE MODELS;;article,"['Peter Cripton', 'Mark Cembrowski', 'Jeffrey LeDue']"
Biomechanical Aspects of Spinal Cord Injury;;book-chapter,"['Peter Cripton', 'Wolfram Tetzlaff']"
High speed radiography can be used to measure dynamic spinal cord deformation in an in vivo rodent model;;article,"['Peter Cripton', 'Wolfram Tetzlaff']"
Radiography used to measure internal spinal cord deformation in an in vivo rat model;;article,"['Peter Cripton', 'Wolfram Tetzlaff']"
Local self-renewal can sustain CNS microglia maintenance and function throughout adult life;;article,"['Wolfram Tetzlaff', 'Fabio Rossi']"
Peripheral olfactory ensheathing cells reduce scar and cavity formation and promote regeneration after spinal cord injury;;article,"['Wolfram Tetzlaff', 'Jane Roskams']"
Lamina Propria and Olfactory Bulb Ensheathing Cells Exhibit Differential Integration and Migration and Promote Differential Axon Sprouting in the Lesioned Spinal Cord;;article,"['Wolfram Tetzlaff', 'Jane Roskams']"
SPARC from Olfactory Ensheathing Cells Stimulates Schwann Cells to Promote Neurite Outgrowth and Enhances Spinal Cord Repair;;article,"['Wolfram Tetzlaff', 'Jane Roskams']"
Peripherally-derived olfactory ensheathing cells do not promote primary afferent regeneration following dorsal root injury;;article,"['Wolfram Tetzlaff', 'Jane Roskams']"
Undesired effects of a combinatorial treatment for spinal cord injury – transplantation of olfactory ensheathing cells and BDNF infusion to the red nucleus;;article,"['Wolfram Tetzlaff', 'Jane Roskams']"
Adult Spinal Cord Radial Glia Display a Unique Progenitor Phenotype;;article,"['Wolfram Tetzlaff', 'Jane Roskams']"
Combination of olfactory ensheathing cells with local versus systemic cAMP treatment after a cervical rubrospinal tract injury;;article,"['Wolfram Tetzlaff', 'Jane Roskams']"
"The Safety and Feasibility of Mediterranean-Ketogenic Dietary Interventions on Gut Health in Parkinson’s Disease: A Protocol for an Open-label, Randomized, Crossover Design Clinical Trial (KIM Trial);;article","['Wolfram Tetzlaff', 'Silke Cresswell']"
Directing stem cells and progenitor cells on the stage of spinal cord injury;;article,"['Wolfram Tetzlaff', 'Jane Roskams']"
614. Microfluidic Manufacture of RNA-Lipid Nanoparticles Leads to Highly Efficient Delivery of Potent Nucleic Acid Therapeutics for Controlling Gene Expression;;article,"['Wolfram Tetzlaff', 'Yu Tian Wang']"
"Selective Roles for Hippocampal, Prefrontal Cortical, and Ventral Striatal Circuits in Radial-Arm Maze Tasks With or Without a Delay;;article","['Anthony Phillips', 'Jeremy Seamans']"
D<sub>1</sub>Receptor Modulation of Hippocampal–Prefrontal Cortical Circuits Integrating Spatial Memory with Executive Functions in the Rat;;article,"['Anthony Phillips', 'Jeremy Seamans']"
Hippocampal long-term depression is required for the consolidation of spatial memory;;article,"['Anthony Phillips', 'Yu Tian Wang']"
Antidepressant effects of ketamine and the roles of AMPA glutamate receptors and other mechanisms beyond NMDA receptor antagonism;;article,"['Anthony Phillips', 'Yu Tian Wang']"
Nucleus Accumbens Long-Term Depression and the Expression of Behavioral Sensitization;;article,"['Anthony Phillips', 'Yu Tian Wang']"
Functional differences between the prelimbic and anterior cingulate regions of the rat prefrontal cortex.;;article,"['Anthony Phillips', 'Jeremy Seamans']"
Hippocampal long-term depression mediates acute stress-induced spatial memory retrieval impairment;;article,"['Anthony Phillips', 'Yu Tian Wang']"
"Disruption of AMPA Receptor Endocytosis Impairs the Extinction, but not Acquisition of Learned Fear;;article","['Anthony Phillips', 'Yu Tian Wang']"
NMDA GluN2A and GluN2B receptors play separate roles in the induction of LTP and LTD in the amygdala and in the acquisition and extinction of conditioned fear;;article,"['Anthony Phillips', 'Yu Tian Wang']"
Evaluation of the Wistar-Kyoto rat model of depression and the role of synaptic plasticity in depression and antidepressant response;;article,"['Anthony Phillips', 'Yu Tian Wang']"
Selective memory impairments produced by transient lidocaine-induced lesions of the nucleus accumbens in rats.;;article,"['Anthony Phillips', 'Jeremy Seamans']"
Tracking Progress toward a Goal in Corticostriatal Ensembles;;article,"['Anthony Phillips', 'Jeremy Seamans']"
A Quantitative Analysis of Context-Dependent Remapping of Medial Frontal Cortex Neurons and Ensembles;;article,"['Anthony Phillips', 'Jeremy Seamans']"
"Ketamine and its metabolite, (2R,6R)-HNK, restore hippocampal LTP and long-term spatial memory in the Wistar-Kyoto rat model of depression;;article","['Anthony Phillips', 'Yu Tian Wang']"
Differential effects of lidocaine infusions into the ventral CA1/subiculum or the nucleus accumbens on the acquisition and retention of spatial information;;article,"['Anthony Phillips', 'Jeremy Seamans']"
Amphetamine Exerts Dose-Dependent Changes in Prefrontal Cortex Attractor Dynamics during Working Memory;;article,"['Anthony Phillips', 'Jeremy Seamans']"
Tolcapone enhances food-evoked dopamine efflux and executive memory processes mediated by the rat prefrontal cortex;;article,"['Anthony Phillips', 'Jeremy Seamans']"
Temporal Dynamics of Hippocampal and Medial Prefrontal Cortex Interactions During the Delay Period of a Working Memory-Guided Foraging Task;;article,"['Anthony Phillips', 'Jeremy Seamans']"
Prior Exposure to Salient Win-Paired Cues in a Rat Gambling Task Increases Sensitivity to Cocaine Self-Administration and Suppresses Dopamine Efflux in Nucleus Accumbens: Support for the Reward Deficiency Hypothesis of Addiction;;article,"['Anthony Phillips', 'Catharine Winstanley']"
A selective role for dopamine in the nucleus accumbens of the rat in random foraging but not delayed spatial win-shift-based foraging;;article,"['Anthony Phillips', 'Jeremy Seamans']"
LTD is involved in the formation and maintenance of rat hippocampal CA1 place-cell fields;;article,"['Anthony Phillips', 'Yu Tian Wang', 'Jeremy Seamans']"
Differences in the emergent coding properties of cortical and striatal ensembles;;article,"['Anthony Phillips', 'Jeremy Seamans']"
Processing efficiency of a verbal working memory system is modulated by amphetamine: an fMRI investigation;;article,"['Anthony Phillips', 'Todd Woodward']"
Facilitated extinction of morphine conditioned place preference with Tat-GluA23Y interference peptide;;article,"['Anthony Phillips', 'Yu Tian Wang']"
Hydroxynorketamine: Implications for the NMDA Receptor Hypothesis of Ketamine’s Antidepressant Action;;article,"['Anthony Phillips', 'Yu Tian Wang']"
"Optogenetic modulation of glutamatergic afferents from the ventral subiculum to the nucleus accumbens: Effects on dopamine function, response vigor and locomotor activity;;article","['Anthony Phillips', 'Jeremy Seamans']"
Interference with AMPA receptor endocytosis: effects on behavioural and neurochemical correlates of amphetamine sensitization in male rats;;article,"['Anthony Phillips', 'Yu Tian Wang']"
Activation of the ventral subiculum reinvigorates behavior after failure to achieve a goal: Implications for dopaminergic modulation of motivational processes;;article,"['Anthony Phillips', 'Jeremy Seamans']"
The selective dopamine D1 receptor agonist SKF81297 modulates NMDA receptor currents independently of D1 receptors;;article,"['Anthony Phillips', 'Yu Tian Wang']"
Interference Peptides: A Novel Therapeutic Approach Targeting Synaptic Plasticity in Drug Addiction;;book-chapter,"['Anthony Phillips', 'Yu Tian Wang']"
Corrigendum to “Evaluation of the Wistar-Kyoto rat model of depression and the role of synaptic plasticity in depression and antidepressant response” [Neurosci. Biobehav. Rev. 105 (2019) 1–23];;article,"['Anthony Phillips', 'Yu Tian Wang']"
Disruption of Long-Term Depression Potentiates Latent Inhibition: Key Role for Central Nucleus of the Amygdala;;article,"['Anthony Phillips', 'Yu Tian Wang']"
Irrational Choice under Uncertainty Correlates with Lower Striatal D<sub>2/3</sub>Receptor Binding in Rats;;article,"['Catharine Winstanley', 'Vesna Sossi']"
A Monte Carlo approach for improving transient dopamine release detection sensitivity;;article,"['Catharine Winstanley', 'Vesna Sossi']"
"Search, Goals, and the Brain;;book-chapter","['Catharine Winstanley', 'Jeremy Seamans']"
List of Contributors;;book-chapter,"['Catharine Winstanley', 'Lynn Raymond', 'Craig E. Brown']"
Disruption of the endocytic protein HIP1 results in neurological deficits and decreased AMPA receptor trafficking;;article,"['Yu Tian Wang', 'Lynn Raymond']"
Mitigation of augmented extrasynaptic NMDAR signaling and apoptosis in cortico-striatal co-cultures from Huntington's disease mice;;article,"['Yu Tian Wang', 'Lynn Raymond']"
Altered Cortical Dynamics and Cognitive Function upon Haploinsufficiency of the Autism-Linked Excitatory Synaptic Suppressor MDGA2;;article,"['Yu Tian Wang', 'Jeffrey LeDue']"
Essential role of SBP-1 activation in oxygen deprivation induced lipid accumulation and increase in body width/length ratio in<i>Caenorhabditis elegans</i>;;article,"['Yu Tian Wang', 'Catharine Rankin']"
"Sterol regulatory element binding protein-1 (SREBP1) activation in motor neurons in excitotoxicity and amyotrophic lateral sclerosis (ALS): Indip, a potential therapeutic peptide;;article","['Yu Tian Wang', 'Ian Mackenzie']"
Action and Outcome Activity State Patterns in the Anterior Cingulate Cortex;;article,"['Jeremy Seamans', 'Todd Woodward']"
Synaptic dysfunction in progranulin-deficient mice;;article,"['Ian Mackenzie', 'Lynn Raymond']"
FDG-PET in presymptomatic C9orf72 mutation carriers;;article,"['Ian Mackenzie', 'Vesna Sossi']"
P2-379: (18)F-Fluorodeoxyglucose positron emission tomography in presymptomatic progranulin mutation carriers;;article,"['Ian Mackenzie', 'Vesna Sossi']"
S1-02-03: Generation and characterization of a mouse model of progranulin deficiency;;article,"['Ian Mackenzie', 'Lynn Raymond']"
Contributors;;book-chapter,"['Lynn Raymond', 'Michael Gordon', 'Ilker Hacihaliloglu', 'Purang Abolmaesumi']"
Cover Image;;paratext,"['Catharine Rankin', 'Sophia Frangou']"
Editorial;;editorial,"['Michael Gordon', 'Sophia Frangou', 'Randy Mcintosh']"
Front2Back: Single View 3D Shape Reconstruction via Front to Back Prediction;;article,"['Leonid Sigal', 'Helge Rhodin']"
"Front2Back: Single View 3D Shape Reconstruction via Front to Back
  Prediction;;article","['Leonid Sigal', 'Helge Rhodin']"
Self-supervised 3D human pose estimation from video;;article,"['Z. Jane Wang', 'Helge Rhodin']"
AdaptPose: Cross-Dataset Adaptation for 3D Human Pose Estimation by Learnable Motion Generation;;article,"['Z. Jane Wang', 'Helge Rhodin']"
A Blind Source Separation Framework for Monitoring Heart Beat Rate Using Nanofiber-Based Strain Sensors;;article,"['Z. Jane Wang', 'Peyman Servati']"
"A Genetically Informed, Group fMRI Connectivity Modeling Approach: Application to Schizophrenia;;article","['Z. Jane Wang', 'Silke Cresswell']"
Feature selection to simplify BDI for efficient depression identification;;article,"['Z. Jane Wang', 'Silke Cresswell']"
Functional neuroimaging in Parkinson's disease;;article,"['Silke Cresswell', 'Vesna Sossi']"
"Synthetic Animated Mouse (SAM), University of British Columbia, Datasets and 3D-models;;article","['Helge Rhodin', 'Jeffrey LeDue']"
Preface;;article,"['Brian D. Fisher', 'Purang Abolmaesumi']"
Pannexin 1 Regulates Network Ensembles and Dendritic Spine Development in Cortical Neurons;;article,"['Leigh Anne Swayne', 'Craig E. Brown']"
Computational Neuroscience: Mathematical and Statistical Perspectives;;article,"['Adrienne Fairhall', 'Eric Shea-Brown']"
Constructing Precisely Computing Networks with Biophysical Spiking Neurons;;article,"['Adrienne Fairhall', 'Eric Shea-Brown']"
Information theoretic approaches to understanding circuit function;;article,"['Adrienne Fairhall', 'Eric Shea-Brown']"
Connecting Neural Dynamics and Computation Across Spatial and Temporal Scales;;book-chapter,"['Adrienne Fairhall', 'Eric Shea-Brown']"
Constructing precisely computing networks with biophysical spiking neurons;;article,"['Adrienne Fairhall', 'Eric Shea-Brown']"
"Constructing precisely computing networks with biophysical spiking
  neurons;;article","['Adrienne Fairhall', 'Eric Shea-Brown']"
Local Phase Tensor Features for 3-D Ultrasound to Statistical Shape+Pose Spine Model Registration;;article,"['Ilker Hacihaliloglu', 'Purang Abolmaesumi']"
A multi-vertebrae CT to US registration of the lumbar spine in clinical data;;article,"['Ilker Hacihaliloglu', 'Purang Abolmaesumi']"
Bone enhancement in ultrasound using local spectrum variations for guiding percutaneous scaphoid fracture fixation procedures;;article,"['Ilker Hacihaliloglu', 'Purang Abolmaesumi']"
Non-iterative partial view 3D ultrasound to CT registration in ultrasound-guided computer-assisted orthopedic surgery;;article,"['Ilker Hacihaliloglu', 'Purang Abolmaesumi']"
Projection-Based Phase Features for Localization of a Needle Tip in 2D Curvilinear Ultrasound;;book-chapter,"['Ilker Hacihaliloglu', 'Purang Abolmaesumi']"
Statistical Shape Model to 3D Ultrasound Registration for Spine Interventions Using Enhanced Local Phase Features;;book-chapter,"['Ilker Hacihaliloglu', 'Purang Abolmaesumi']"
CT to US Registration of the Lumbar Spine: A Clinical Feasibility Study;;book-chapter,"['Ilker Hacihaliloglu', 'Purang Abolmaesumi']"
Non-iterative Multi-modal Partial View to Full View Image Registration Using Local Phase-Based Image Projections;;book-chapter,"['Ilker Hacihaliloglu', 'Purang Abolmaesumi']"
A global CT to US registration of the lumbar spine;;article,"['Ilker Hacihaliloglu', 'Purang Abolmaesumi']"
Scaphoid fracture fixation: localization of bones through statistical model to ultrasound registration;;article,"['Ilker Hacihaliloglu', 'Purang Abolmaesumi']"
FEASIBILITY OF STATISTICAL MODEL REGISTRATION TO ULTRASOUND FOR GUIDANCE IN SCAPHOID FRACTURE FIXATION;;article,"['Ilker Hacihaliloglu', 'Purang Abolmaesumi']"
ENHANCEMENT OF SPINE BONE SURFACES FROM ULTRASOUND DATA USING IMPROVED LOCAL PHASE TENSOR FILTER;;article,"['Ilker Hacihaliloglu', 'Purang Abolmaesumi']"
Interventional imaging: Ultrasound;;book-chapter,"['Ilker Hacihaliloglu', 'Purang Abolmaesumi']"
