Name,GSID
Tim H. Murphy,
Annie Ciernia,
Brian MacVicar,
Fidel Vila-Rodriguez,
Shernaz Bamji,
Lara Boyd,
Paul Pavlidis,
Martin McKeown,
A Jon Stoessl,
Peter Cripton,
Jason Snyder,
Wolfram Tetzlaff,HgUvr-IAAAAJ
Anthony Phillips,
Catharine Winstanley,
Yu Tian Wang,
Jeremy Seamans,
Terry Snutch,mTkQFQ8AAAAJ
Ian Mackenzie,
Lynn Raymond,
Kurt Haas,
Mark Cembrowski,
Fabio Rossi,
Jane Roskams,
Catharine Rankin,
Michael Gordon,
Leonid Sigal,
Z. Jane Wang,W75uTm8AAAAJ
Peyman Servati,
Liisa Galea,Q--hI3oAAAAJ
Sophia Frangou,iRcTmwkAAAAJ
Silke Cresswell,
Helge Rhodin,
Manu Madhav,
Brian D. Fisher,
Leigh Anne Swayne,
Craig E. Brown,
Adrienne Fairhall,
Eric Shea-Brown,
Emily Sylwestrak,
Andy Shih,
Todd Woodward,
Jeffrey LeDue,1ffeRR4AAAAJ
Ilker Hacihaliloglu,dA7G64kAAAAJ
Randy Mcintosh,Ep3N640AAAAJ
Purang Abolmaesumi,gKZS5-IAAAAJ
Vesna Sossi,5VQTWXgAAAAJ